INTERNAL_ID,FIRST_NAME,MIDDLE_NAME,LAST_NAME,PHONE_NUM
1,Phillis,,Mival,203-577-7024
2,Ermengarde,Geraldine,O'Rodane,995-937-8772
3,Ashley,,Hesey,822-908-7617
4,Gaven,Arlinda,Ritson,305-233-9526
5,Felecia,,Sibray,183-546-4216
6,Axe,Aurelie,Stork,503-431-7094
7,Gearard,,Wornum,996-563-2107
8,Mari,,Engelmann,754-802-2848
9,Serene,,Rosencrantz,468-603-7972
10,Bride,,Garton,927-623-0160
11,Shirlene,,Usherwood,160-981-1916
12,Dud,,Rosen,563-323-7223
13,Lorne,,Fosserd,557-937-6486
14,Rebecka,,Legges,277-893-0358
15,Florri,,Bachshell,
16,Melonie,Liva,Petford,179-749-1999
17,Ingunna,,Wohler,744-311-9995
18,Ajay,,Collisson,481-408-9573
19,Bord,,Chamberlayne,232-439-8720
20,Pearle,Laraine,Stockney,911-994-7059
21,Bent,Phaedra,Seagrove,431-543-6016
22,Maximilian,Erasmus,Saby,479-697-9952
23,Creight,Dolores,Sabberton,281-723-4297
24,Angel,,Drewry,193-584-2986
25,Karolina,Pennie,Born,254-447-1968
26,Bord,Goldina,Axon,915-318-2813
27,Windy,,Ripper,487-598-0000
28,Edna,,Trytsman,380-168-7110
29,Shermie,Amii,Agius,135-680-5953
30,Juieta,Austen,Hayton,730-847-5478
31,Madel,,Clemes,124-621-2109
32,Suellen,Rod,Clemow,827-272-8421
33,Pebrook,,Reitenbach,994-545-4557
34,Dagny,Tabb,Alessandrini,100-902-4975
35,Izzy,,Cresswell,932-107-2534
36,Mariel,,Castagno,334-995-8723
37,Forster,Nananne,Pechacek,994-856-6836
38,Shalom,,Soigoux,990-165-3400
39,Adrien,,D'Emanuele,526-748-4134
40,Terza,,Bruins,247-261-7107
41,Charlot,Filip,Leathwood,520-494-4826
42,Adamo,,Reddel,236-263-3904
43,Jania,,MacGille,256-550-8514
44,Clarie,,Fawloe,630-819-6416
45,Ardine,,Giovannazzi,354-242-1157
46,Sunny,,Merrydew,537-666-8413
47,Marrilee,Henry,Barnsdall,606-136-5684
48,Wini,,Hablet,900-367-3033
49,Wilmette,,Bonnell,175-590-5725
50,Gnni,Karrah,Kerins,277-295-7602
51,Con,,Goosnell,993-144-6049
52,Dona,,Proschek,817-655-0284
53,Doralin,,Renvoys,807-895-5459
54,Linet,,Websdale,445-536-1376
55,Laurent,Emmott,Human,340-692-2004
56,Humbert,Sherwin,Ketteringham,373-935-2745
57,Lucy,Dehlia,Corday,696-216-1871
58,Kippy,Elwira,Buzin,532-109-7136
59,Anthe,Jock,Labin,505-506-2416
60,Twyla,,Graveston,
61,Natty,,Robardley,481-537-5335
62,Vitoria,,Rays,816-415-1342
63,Irwinn,,Thickpenny,758-276-9021
64,Melodie,,Nodes,131-352-6042
65,Lowe,Ruddie,Gadney,725-819-3077
66,Torrence,,Edelman,899-235-6898
67,Packston,Iseabal,Grivori,209-730-2351
68,Christina,,Toxell,426-171-1527
69,Ase,,Cobbing,222-683-8489
70,Desdemona,,Bolte,717-424-8360
71,Gordy,,Welbelove,688-624-0652
72,Shea,Pearl,Hassett,474-202-3320
73,Ilsa,,Anfrey,792-596-2679
74,Pip,Tripp,McGrorty,425-239-8702
75,Rudolph,,Natte,549-127-0139
76,Onida,,Matfin,205-937-6515
77,Odille,,Jakolevitch,227-811-2855
78,Nicolle,Zaccaria,Weatherdon,835-211-8587
79,Gerik,Kermie,Westraw,906-334-1099
80,Nari,Meir,Quogan,623-721-6116
81,Thelma,Lottie,Eliaz,816-899-1185
82,Dianna,Sophi,Le Floch,717-379-2976
83,Chauncey,Stacia,Semiras,447-548-3964
84,Peg,,Rylance,422-525-6250
85,Lindi,,Tubritt,205-703-7366
86,Rowena,,Inchley,112-743-3077
87,Harwell,,Hurst,528-438-8480
88,Virgie,,Potebury,310-290-3732
89,Nollie,Ketti,Hanburry,107-734-0103
90,Dion,,Prall,783-976-2272
91,Solomon,Darryl,O' Byrne,456-870-9920
92,Gaye,,Flury,790-926-9520
93,Hieronymus,,Jachimak,564-979-6597
94,Alyse,,Hurren,535-324-9052
95,Marlon,Hunfredo,Hambrick,982-448-0879
96,Morena,,Snarie,875-102-4178
97,Slade,,Brownsea,866-532-1761
98,Nola,,Girkin,716-911-0247
99,Steward,,Gawthorpe,486-352-5603
100,Benedetta,,Bucke,782-580-3187
101,Barbara,Fields,Vernazza,525-305-8016
102,Anissa,,Truckett,590-965-4993
103,Catharina,Ike,Perrygo,298-884-4941
104,Nerta,,Fouracres,952-144-3946
105,Stefa,,Ailward,993-555-5834
106,Hurleigh,Julian,De Anesy,616-426-0438
107,Gelya,Agnese,Aluard,388-212-7561
108,Raye,,Hambright,317-450-7716
109,Leodora,Connie,Booker,213-583-7852
110,Sydelle,,Parminter,431-919-7719
111,Kissiah,Pearce,Abells,642-141-0571
112,Haslett,,Loyd,260-460-0914
113,Beatrix,,Bundey,311-135-3440
114,Ruben,Fredek,Gannicott,144-125-7105
115,Aksel,,Sunnex,319-543-8621
116,Aeriel,,Thorsby,159-341-1545
117,Killian,,O'Dyvoie,202-297-2816
118,Claudius,,Duchateau,428-781-4306
119,Nanni,,Seemmonds,648-693-5164
120,Rolf,,Heinrici,434-128-4033
121,Birdie,,Thatcher,628-112-6942
122,Loella,,Elacoate,675-121-8802
123,Henrietta,Susette,Skipper,790-371-7751
124,Sarine,,Matelyunas,183-255-9447
125,Luther,,Izac,629-561-2637
126,Gertrud,,Martinon,480-646-6436
127,Gweneth,,Weeks,644-497-1626
128,Orson,,Fattore,303-973-4279
129,Pace,Brunhilda,Samworth,970-167-1840
130,Ainslee,,Twidale,408-825-5192
131,Siana,Denny,Le Quesne,409-321-7960
132,Anne-marie,,Gaine of England,221-824-7127
133,Elizabeth,Tanhya,Presnell,101-359-7480
134,Esme,,Daftor,549-758-6299
135,Nikolai,Kerrill,Scholard,903-126-4027
136,Eli,,Havercroft,771-502-0089
137,Brewer,,Longland,715-674-7289
138,Birgitta,,Toler,536-839-4693
139,Noach,,O'Sirin,582-437-1404
140,Jeremiah,,Baurerich,902-838-2863
141,Gardner,,Colbridge,116-950-3894
142,Jeannette,,Krochmann,336-436-5181
143,Charissa,,Lesslie,440-495-9883
144,Justinn,,Pischoff,526-585-4613
145,Reyna,,Alwen,914-490-1406
146,Sim,,Davidde,979-765-5109
147,Elaina,,Beauman,297-176-8343
148,Craig,,Peirazzi,663-787-8749
149,Rose,Austin,Cumes,907-166-1475
150,Lina,Eddie,Erat,805-108-9970
151,Mick,,Easter,408-651-7452
152,Claudina,Guinna,Sellwood,638-296-5879
153,Emelia,Rafaelita,Penburton,119-568-8040
154,Sybil,,Dugald,768-417-3326
155,Addy,,Nudd,604-126-4882
156,Suzanna,,Heaney,843-345-9372
157,Miller,Gaby,Raffin,368-680-3600
158,Arabelle,,Wales,862-166-4568
159,Ulberto,,Hacard,990-205-0511
160,Domenico,,Kaplan,787-823-5993
161,Ramsay,,Willeman,679-463-9090
162,Morse,,Piscopello,701-586-7902
163,Chiquia,,Metzig,437-474-8681
164,Tris,,O' Hogan,430-674-6781
165,Dal,,Von Der Empten,238-635-2459
166,Decca,Ginnie,Gullick,248-194-8231
167,Ferdinand,Khalil,Jewess,500-988-0044
168,Shadow,Hillary,Aglione,107-111-2055
169,Mechelle,,Moscone,193-419-6759
170,Sig,,Monger,467-257-9279
171,Kinny,Lise,Kulas,758-522-9251
172,Samuele,,Cawsey,242-876-4975
173,Cherye,,Bampton,231-928-0802
174,Anna-diane,,Hedworth,321-603-6327
175,Bianka,Beaufort,Delia,681-304-0313
176,Abraham,,Alexandrescu,791-358-0780
177,Julio,,Goseling,535-454-0840
178,Haily,,Cobain,675-434-9901
179,Corella,Niki,Blacket,557-830-6725
180,Shane,Sunshine,Dautry,307-210-2090
181,Roderich,Magdalene,Eagleton,469-258-3386
182,Con,,McGlynn,863-683-0053
183,Morissa,,Fernandez,907-492-9846
184,Jeanna,,Detloff,393-265-9816
185,Zea,,Keling,822-186-7171
186,Vonnie,Starr,Roser,639-126-1510
187,Susette,,Searchfield,575-977-3616
188,Odella,,Fawlkes,294-721-9541
189,Laverne,,Arnason,551-552-3013
190,Nanice,Amery,Frenchum,287-928-0299
191,Hermie,,Dohmer,417-176-3903
192,Ricki,,Atwood,883-536-8695
193,Page,,Zottoli,446-495-2865
194,Callean,Camellia,Sampey,403-679-6830
195,Sally,Cecily,Alflat,587-883-0511
196,Wyatan,,Bispham,993-950-7145
197,Nicolina,,Beloe,770-240-4961
198,Inger,,Sail,619-848-2610
199,Elston,,Neesham,618-644-0410
200,Katharina,,Kilkenny,689-101-9305
201,Hasty,,Porcher,160-103-0916
202,Abelard,Shannan,Richardes,251-111-8610
203,Lusa,,Whapham,561-843-0918
204,Hillery,Ryun,Warre,855-522-7766
205,Pierrette,,Hurdiss,236-536-8014
206,Nicki,Gill,Kloska,508-533-3039
207,Neal,,Hallewell,381-771-4888
208,Kala,,Jizhaki,389-132-0638
209,Gerik,Feliks,Sheen,462-209-5748
210,Felipe,,Fears,622-400-7723
211,Land,,Phizacklea,331-259-1068
212,Willyt,,Keeri,513-562-2299
213,Adham,Barbaraanne,McBride,672-206-6943
214,Cory,Cobby,Croucher,177-439-6627
215,Euell,,Dowey,705-303-1048
216,Avigdor,,Stirrup,602-257-4623
217,Constanta,,Pitkethly,358-837-5248
218,Arlyn,Buffy,Chamberlain,107-671-1924
219,Morris,Wainwright,Stoyles,664-795-9475
220,Aurilia,,Dunmuir,990-191-7550
221,Bink,,Hadcock,828-573-5465
222,Kissee,Candida,Cramb,517-459-2652
223,Brodie,,McLeoid,980-617-5810
224,Darrel,,Shortell,264-358-2092
225,Kata,,Farryan,
226,Karoly,,Boaler,951-270-9586
227,Joell,Olivero,Mateiko,301-136-0644
228,Bary,,Overil,414-191-8501
229,Joyce,,Saintpierre,549-389-0936
230,Farrand,,Toulson,812-977-2893
231,Simone,,Delf,325-414-4240
232,Sheilah,Kaylyn,Burberry,898-236-7250
233,Vitoria,Clerc,Kilgannon,975-723-2229
234,Efren,,Graith,369-572-3508
235,Brynne,,Piatkow,499-556-7751
236,Bobby,Humphrey,Beresford,816-575-7332
237,Poul,Averell,Scarr,242-146-6418
238,Rudolfo,,Alkin,113-636-1081
239,Courtney,,Diche,203-240-1230
240,Caye,,Dace,266-650-4602
241,Sybilla,,Lamblin,890-623-3351
242,Corrina,,Danielski,438-374-9103
243,Melicent,,Waplington,328-613-7804
244,Emilia,,Bestall,486-264-9043
245,Marrilee,,Reece,345-727-3132
246,Olympia,Elisa,Monson,875-686-8322
247,Barbie,,Hedman,889-941-3011
248,Moina,Lida,Viollet,699-378-9746
249,Emmaline,Julio,Preshaw,652-835-2804
250,Lucina,,Lodevick,699-243-1772
251,Sam,,Dukesbury,922-225-9949
252,Rickey,,Patient,612-819-3148
253,Giustina,Jeanie,Sambeck,598-138-3159
254,Kelsey,Brennan,Hearnaman,478-233-1770
255,Chere,Elvis,Stokell,840-671-4044
256,Currie,Horace,Edess,
257,Turner,Alano,Eccott,346-767-8869
258,Tallou,Naoma,Swainsbury,393-547-4612
259,Gerri,,Parkhouse,203-925-1104
260,Hale,Kellen,Janman,883-795-1031
261,Juliette,,O'Sesnane,395-382-8035
262,Mariele,Kerk,Dykes,776-160-5467
263,Harald,,Ebbage,404-936-3541
264,Farra,,Johnson,354-632-1370
265,Carter,,Cribbins,469-701-6668
266,Geri,Roxi,Wehnerr,433-508-9133
267,Rolfe,Mile,Millhouse,231-860-2253
268,Griselda,,Douglass,672-628-1272
269,Josie,,Tennison,408-734-7439
270,Bamby,,Lyddy,336-184-8585
271,Farrah,Jard,Bettenson,782-780-8113
272,Carmita,Sari,McLeary,683-434-4109
273,Henrie,,Witterick,560-754-0008
274,Neilla,,Vanetti,829-579-6909
275,Elli,,Scardafield,851-392-3761
276,Pyotr,,Bahlmann,982-447-0677
277,Bale,,Fearne,858-480-4673
278,Ignaz,,Dwerryhouse,881-660-5069
279,Brynna,,Sawfoot,558-705-8637
280,Osborn,Mario,Shaughnessy,246-550-3541
281,Vinny,,Grimmer,556-211-4154
282,Jasmin,,Cleminson,787-466-8103
283,Elroy,,Cockerham,266-710-8098
284,Lettie,,Meakes,570-592-3671
285,Celene,Giffard,Aronstam,190-993-8552
286,Monti,,Everton,329-783-4033
287,Ava,,Eilhertsen,706-330-5336
288,Leontyne,,Garz,212-171-4818
289,Agnella,Celesta,Isitt,793-565-0247
290,Elton,Dom,Mc Grath,890-495-6522
291,Anna,Imelda,Scone,865-193-6776
292,Wynnie,Marlane,Breen,920-476-4002
293,Sile,,Bisgrove,667-833-6884
294,Kaycee,,Barnett,894-453-7401
295,Rance,,Waber,396-555-6935
296,Eliza,Janifer,Dufour,708-229-0226
297,Charmian,,Mattam,150-865-6763
298,Avigdor,,Hawker,
299,Bald,Deidre,Spadoni,411-175-4739
300,Emili,,Steggles,922-100-6136
301,Hamel,,Cartmel,405-666-6477
302,Timothee,Hetty,Glander,959-768-8268
303,Marrilee,,Minors,872-571-0127
304,Sheri,,Bennough,712-842-6626
305,Louella,,Aronowitz,728-686-9543
306,Rick,,Every,504-801-2162
307,Viole,,Lukash,838-303-7045
308,Dex,,Leaburn,829-184-8478
309,Sergei,,Paragreen,474-668-2971
310,Ginger,,Leate,314-149-5890
311,Susann,,Canwell,698-598-3532
312,Scarface,Isidro,Boskell,834-570-4098
313,Indira,,Gentsch,346-166-3599
314,Coop,,Sansome,270-828-0238
315,Minny,,Poacher,808-104-3385
316,Ara,,Grieswood,787-939-6606
317,Gisele,,Langton,871-844-8073
318,Clementine,Holt,Passfield,156-444-2546
319,Pepe,,De Filippi,945-761-2228
320,Camel,,Mullender,809-105-5440
321,Gabie,Jecho,Mathys,999-678-4806
322,Marti,,Mottram,199-377-2441
323,Judd,,Vasentsov,111-331-5107
324,Elberta,,Newland,519-271-3336
325,Janeen,,Crocetto,322-403-3287
326,Homer,,Aikett,218-880-5822
327,Brinna,,Bellerby,411-314-2138
328,Jermayne,,Kembrey,829-125-9880
329,Ethel,,Heiner,393-261-7434
330,Calli,Emanuel,Lorentz,714-552-5310
331,Damaris,Merle,Oganesian,677-117-6584
332,Hertha,,Tindall,631-588-9112
333,Rafa,,Morrissey,895-704-7977
334,Parke,,Rosiello,399-652-5053
335,Timi,,Antonacci,785-469-6556
336,Seamus,,Albro,498-230-9382
337,Merrily,Barnie,Fairbridge,806-777-9378
338,Glyn,,Sally,301-354-7422
339,Shelley,Jelene,MacKintosh,104-986-4701
340,Kurt,,Oxe,163-285-4104
341,Xenia,,Wesker,892-965-0991
342,Melony,,Benois,105-691-8114
343,Kimberlee,,Alphonso,987-240-4612
344,Josee,,Gudd,141-614-6931
345,Umberto,,Snasel,420-635-5897
346,Marji,,Plak,195-807-4312
347,Kore,,Leil,884-783-8974
348,Rhody,Skipp,Conyard,523-680-1893
349,Ashia,,Pickavant,530-280-2647
350,Ron,,Cavan,973-274-7925
351,Winifred,,MacMorland,274-368-4650
352,Basile,,Drohan,650-318-4343
353,Florentia,,Gostyke,813-929-2197
354,Chevy,,Kingzeth,338-542-5913
355,Annelise,,Snelle,828-185-3554
356,Leona,Chaddie,Lunam,237-179-1371
357,Babs,Naoma,Christian,101-445-1656
358,Eduardo,,Tebboth,595-797-7438
359,Reuven,,Von Der Empten,333-603-5255
360,Leshia,,Mattiello,330-351-2271
361,Cally,,Woodier,731-288-0513
362,Killie,,Bridat,470-908-2854
363,Kathye,Sherman,Louedey,396-742-0433
364,Cleve,,Traher,714-339-4947
365,Melosa,,Colson,672-810-8042
366,Cherianne,,Feldmark,606-817-3185
367,Marney,,Albone,608-299-7426
368,Leland,,Camilleri,626-703-9875
369,Lora,Lorenzo,Deplacido,702-535-3316
370,Normie,,Hakey,232-252-3690
371,Taddeusz,Shandee,Crittal,652-443-9257
372,Emyle,,Owthwaite,647-280-4166
373,Brice,Skye,Lyptrit,492-968-4612
374,Morgun,Audrey,Gilhouley,709-984-6991
375,Clemmie,Torrie,Kingston,489-921-9930
376,Windy,,Meus,645-576-7065
377,Solly,,Dunston,732-414-6851
378,Jennie,,Loveard,767-513-8894
379,Janot,Meridel,Raden,756-850-4494
380,Ruth,,Anshell,339-473-7419
381,Bev,,Dewbury,543-719-5613
382,Minna,,Storck,829-283-6616
383,Salli,,Mackerel,551-542-6796
384,Isidor,,Balderson,665-443-7786
385,Garth,Bettina,Wozencraft,453-412-3100
386,Arch,Prescott,Fruish,741-717-5436
387,Margeaux,,Gaenor,252-536-4153
388,Elbertina,,Breinl,898-320-9825
389,Constantine,,O' Finan,786-914-8108
390,Bryan,Katie,Woollard,683-981-8805
391,Rosco,,Malenfant,822-579-6554
392,Elnora,,Ellingworth,845-115-4483
393,Bruis,,Whewell,165-144-7106
394,Lexi,Barrett,Banyard,899-878-5799
395,Kim,,Bernetti,302-604-6705
396,Ewen,Phineas,Simondson,481-676-5948
397,Duke,,Peaple,403-266-0364
398,Rab,Michel,Harriman,741-134-1640
399,Joachim,,Fernant,410-777-3848
400,Dieter,,Peidro,575-738-4550
401,Whitney,,Millican,673-283-0611
402,Devora,,Kolakowski,479-976-2416
403,Issy,,Heathfield,983-443-6213
404,Sonnnie,,Prozescky,951-846-7868
405,Farr,Barbaraanne,Kiddle,941-330-3062
406,Chadd,Gail,Emmerson,905-242-6690
407,Paul,,Bradane,850-434-6594
408,Emalee,,Inmett,765-726-8819
409,Duffy,Natty,Teaz,129-643-3894
410,Flint,Nevile,Zarb,892-233-1884
411,Iorgos,,Seedhouse,713-103-8551
412,Frederico,,Kleszinski,882-659-1799
413,Isahella,,Sones,854-864-0441
414,Allix,,Bulpitt,750-338-3945
415,Rusty,,Revans,927-551-9642
416,Ephrem,,Ireland,509-999-3791
417,Aggy,,Rothman,962-110-5461
418,Bonnee,,Westhoff,415-858-9605
419,Ainsley,Rikki,Dilworth,292-140-3675
420,Hunt,Burk,Lavielle,539-435-7811
421,Alisha,,Style,455-281-6903
422,Sherrie,Dennie,Cesconi,296-231-7976
423,Ellyn,,Levesque,268-801-0483
424,Arthur,,Capsey,207-556-3650
425,Dian,,Oppie,470-607-1818
426,Jacintha,,Darrington,690-459-3282
427,Emmott,,Simnell,746-274-2654
428,Rosetta,Lind,Kernock,777-158-2675
429,Kippie,,Rosendorf,996-826-3168
430,Justino,Vlad,Somers,213-576-1648
431,Stillman,,Benford,641-637-5910
432,Curran,,Symcock,249-503-9093
433,Annamaria,,Race,157-235-8670
434,Evelyn,,Di Pietro,503-744-6661
435,Raven,,Kneebone,907-742-3474
436,Klemens,,Dominichetti,174-936-8772
437,Johnathan,,Lewcock,853-407-2396
438,Terence,,Leil,579-395-8383
439,Janice,Daloris,Gosalvez,552-358-8370
440,Joleen,,Deniso,810-726-2714
441,Spence,,Sictornes,412-226-4030
442,Cara,,Station,
443,Tuesday,,Maypother,606-156-5302
444,Nance,,Rendle,323-305-6194
445,Joscelin,Sascha,Orrick,294-971-1088
446,Bamby,Gaye,Gubbins,184-223-3972
447,Saundra,,Pearmine,338-841-1606
448,Rowan,,Blazynski,629-746-2968
449,Romeo,,Adriano,162-173-0085
450,Ole,,Jewers,851-649-8105
451,Salvador,,Joppich,915-470-5429
452,Pammi,,Islep,765-663-9575
453,Simone,Alisa,Mellem,378-711-7158
454,Ermanno,,Bernakiewicz,221-934-2274
455,Rosmunda,,Coutts,307-470-7615
456,Nicolas,,Flagg,672-402-9543
457,Aloise,,Eldon,338-336-6425
458,Domini,,Titterton,253-137-5023
459,Zebulen,,Hallas,632-756-8707
460,Delaney,,Northam,616-149-8230
461,Sapphire,,Heugle,374-204-4200
462,Ermentrude,Krishnah,De Witt,407-427-5284
463,Jule,,Guidoni,911-656-3746
464,Cristen,Perren,Kovacs,143-158-0961
465,Bentley,Gilberto,Bramich,919-205-7948
466,Arney,Caralie,Misk,633-637-0677
467,Vernon,Freida,Gobert,808-380-0709
468,Emlynn,,Calderon,493-596-5862
469,Jordon,Michal,Ternent,555-778-2650
470,Adelina,,Kirrens,397-493-1749
471,Mitchel,Khalil,Cottingham,841-183-7515
472,Lauren,,Wales,196-172-1258
473,Georgiana,Emmalyn,Gateman,252-946-5527
474,Melisande,Sher,Goad,641-706-3768
475,Etta,,Jerromes,494-175-9989
476,Madel,,Maleham,138-440-1867
477,Saleem,,Clemintoni,580-768-3681
478,Drake,Adrien,Campsall,794-868-5324
479,Dietrich,,Noller,558-345-6624
480,Marc,,Vardey,139-851-3227
481,Dinny,Mersey,Nilles,282-627-2768
482,Annemarie,,Paris,685-818-8705
483,Ludovico,,Thickin,337-822-1605
484,Cherey,,Scollan,600-105-8844
485,Truda,,Mingard,157-402-6400
486,Piper,,Rhule,519-182-2862
487,Vevay,,Hamlett,546-718-1626
488,Baron,Mortie,Dow,389-450-4404
489,Meta,,Dederick,263-486-7048
490,Fabien,Roxanna,Freeburn,368-564-1730
491,Charlene,,Fehely,269-818-4329
492,Minetta,,Reddecliffe,363-859-9390
493,Aile,Mal,Cordey,776-688-5083
494,Krishnah,,de Lloyd,823-656-9850
495,Elwood,,Risborough,928-235-2707
496,Rockwell,Lilla,Jako,781-359-7533
497,Crystie,,Cristofvao,398-393-8271
498,Pooh,,Tims,103-896-1718
499,Alanah,Allen,Prott,620-222-2352
500,Daron,,Trevallion,759-130-2566
501,Ingelbert,,Dilland,908-473-4472
502,Hernando,,Tow,686-995-1043
503,Alyson,,Sowle,438-909-7057
504,Erich,,Lackeye,512-658-3792
505,Natale,Caroljean,Kneal,888-940-0231
506,Kennith,Gisele,Moorwood,326-524-7384
507,Friederike,Grissel,Clements,491-569-9252
508,Mandy,,Camps,761-512-8685
509,Sollie,,Newlove,963-490-3739
510,Saraann,,Gorst,388-890-1635
511,Shayna,Harold,Collington,972-615-4578
512,Darbie,Nicole,Bellard,540-853-6148
513,Lily,,Kilbey,366-293-3182
514,Cornelle,,Guilloux,265-408-4619
515,Heddie,,Pull,882-789-2913
516,Gerrilee,Royal,Menicomb,994-238-2830
517,Devon,Shari,Wabersinke,951-834-6065
518,Effie,Brietta,Avramovich,463-647-9363
519,Dorothy,,Grinley,163-922-3624
520,Dacey,,Portch,580-900-6285
521,Mohandis,,Surr,572-580-3325
522,Celeste,,Carrabott,209-598-9989
523,Iggie,,Trusslove,878-444-2690
524,Virgilio,,Ellings,701-355-3787
525,Dora,,Kybert,814-927-6805
526,Christian,,Dawby,262-830-4644
527,Deonne,,Gilder,609-123-2787
528,Roz,Georgy,Fuggles,396-532-4132
529,Wallis,,Udale,245-628-7581
530,Jewell,,Higgonet,574-188-2066
531,Junette,,Wolver,191-439-0583
532,Eugenio,Lacee,Grouse,170-625-9634
533,Tuck,,Tullot,834-309-5332
534,Reinaldos,,Dwyr,716-196-9086
535,Golda,Welbie,Pund,505-120-9533
536,Kissie,,Vockins,460-895-3641
537,Ashley,,Daughtry,280-364-7095
538,Gaby,,Muriel,645-350-4345
539,Herbert,,Shovelbottom,807-668-2414
540,Knox,Buckie,Hambridge,692-136-0798
541,Pippy,,Fursey,950-179-7736
542,Jerrie,,Seeman,791-604-0564
543,Laure,Ruthann,Fielding,557-424-1913
544,Phoebe,,Kennea,889-343-9668
545,Kirby,Catriona,McTerlagh,813-197-6061
546,Maximilian,Orland,Puckey,977-279-5237
547,Garvy,,Crayke,457-822-2008
548,Drucill,,Simioni,346-827-3466
549,Barret,,Gallelli,235-646-5836
550,Caria,,Ainge,430-271-7340
551,Gretna,,Grinnov,657-132-6341
552,Rene,,Hartup,267-875-0340
553,Granger,,Defau,713-132-1928
554,Milly,,Basillon,842-766-0070
555,Ximenez,Alexia,Ciobotaro,488-289-4400
556,Kienan,,Seak,715-912-1353
557,Mirabella,,McGarrie,444-193-3130
558,Klara,,O'Dougherty,384-769-1959
559,Ceil,,Wrightim,284-753-7286
560,Joy,,Thalmann,759-258-6414
561,Marielle,Ellswerth,Crock,487-998-4059
562,Wilona,,Paoletto,235-352-8473
563,Meredith,Albie,Losano,670-498-6650
564,Marigold,,Fullerlove,626-190-6203
565,Constantina,,Audiss,224-904-0169
566,Julissa,,Kleinplatz,551-119-5856
567,Nerissa,,Varcoe,882-909-8347
568,Tiphany,,Mahomet,144-694-8061
569,Heddi,Isacco,Beddis,165-607-9566
570,Worth,,Janos,528-717-4922
571,Millie,Burton,Seath,562-301-5418
572,Dallas,,Janjic,378-520-6133
573,Fredrika,Lindsey,Hardwell,625-666-8318
574,Stanleigh,,Endicott,856-551-6958
575,Calvin,Sheppard,Friman,602-321-3809
576,Fredra,,Losebie,684-709-5292
577,Janessa,,Cuningham,955-659-0382
578,Konrad,,Legrand,138-353-6951
579,Hilliard,Andres,Pulsford,118-255-2373
580,Jacquetta,,Kesley,419-893-0956
581,Jarid,,Garshore,344-909-7362
582,Cyb,,Bicheno,533-323-1685
583,Laurena,,Moyce,814-299-3030
584,Aarika,Loretta,Wattisham,492-458-7545
585,Ericka,,Storton,995-283-1580
586,Sly,Wolf,Pandie,986-207-3896
587,Faye,,Towey,813-996-0184
588,Mozelle,,Pritty,209-495-5790
589,Delainey,,Carek,320-877-7789
590,Florette,,Stickens,362-779-9258
591,Jelene,Inge,Dalliston,803-149-6258
592,Adolf,,Akhurst,174-610-9359
593,Edik,,McCrann,325-917-9941
594,Lusa,Callie,Webber,675-650-1872
595,Shepherd,,Pardi,593-895-0236
596,Kylie,,Woodes,331-980-2799
597,Robby,Lenci,Baggarley,494-831-2044
598,Tamra,,Tearny,687-764-3763
599,Rey,,Siveyer,144-434-2661
600,Stavros,Lois,McAlester,764-834-4920
601,Elberta,,Tewes,313-206-1204
602,Coralie,Rafaello,Storkes,895-426-1350
603,Ester,,Storks,523-649-3052
604,Clarine,,Gilligan,422-585-6435
605,Shaine,,Leal,553-749-9885
606,Oriana,,Cosley,882-139-7352
607,Hubey,Deonne,Burwood,853-453-4659
608,Danny,Ermengarde,Bour,323-150-0586
609,Jannel,,McCutcheon,773-346-1269
610,Jourdain,,Archibold,
611,Wye,,Lintot,582-563-2202
612,Dulcine,Algernon,Zuan,765-185-2513
613,Salaidh,,Hedworth,511-374-2162
614,Caren,,Bessey,926-420-3206
615,Merrily,,Curmi,513-527-1322
616,Brad,Nevsa,Zuann,114-213-9148
617,Seward,,Dowthwaite,719-552-8441
618,Curran,Imojean,Ranyell,315-201-1983
619,Stafani,,Sate,533-279-2389
620,Patrica,Rafferty,Sayre,630-644-7860
621,Madonna,,Dillingston,334-490-0015
622,Agata,Vin,Faro,588-386-5148
623,Daffie,Berri,Hildred,373-541-3532
624,Brocky,Johann,Ridoutt,753-585-4472
625,Leela,,Campling,402-309-7941
626,Zilvia,Annadiane,Cripin,689-140-4029
627,Beitris,,Latham,604-777-7937
628,Afton,,Corsar,342-597-9338
629,Ana,,Fouracres,443-836-2891
630,Felix,Shamus,Withinshaw,865-382-6478
631,Page,,Buckett,653-204-4102
632,Kylila,Kathi,Tingle,156-486-9453
633,Barr,Burl,Lehrle,304-793-3893
634,Aidan,,Palphreyman,916-418-8058
635,Tye,Adela,Peirone,620-682-4149
636,Jo-anne,,MacCleay,398-117-6035
637,Bendicty,,Abramsky,235-900-9504
638,Lori,Allianora,Renne,110-343-2146
639,Estell,,Hentzeler,826-434-5227
640,Derrik,Theobald,Orrill,781-296-3378
641,Law,Bernardine,Pinchback,657-214-7800
642,Torrence,,Perrigo,766-354-3306
643,Baldwin,,McKimm,784-755-2744
644,Tomasine,,Bartos,735-790-5111
645,Frannie,,Bernardotti,925-753-7279
646,Wallie,,Portchmouth,551-225-6923
647,Lucias,Colette,Harryman,925-582-3435
648,Mathias,,Antoszewski,162-528-8892
649,Alfonso,Fitz,Shellibeer,634-597-6827
650,Erich,Jordon,Kornel,954-597-6636
651,Rita,Bondie,Fagg,352-346-9820
652,Leilah,,Frantzen,684-284-5499
653,Maryanne,,Looks,995-184-7889
654,Shawna,,Inott,898-723-3910
655,Franny,,Gascone,170-759-1776
656,Bernadette,,Seymer,902-970-7713
657,Caresa,Hayden,Beazer,225-440-1447
658,Vernice,Roshelle,Wrenn,953-242-2720
659,Daffy,,Thaim,914-392-2659
660,Theodora,,Pickover,373-118-1498
661,Jannelle,Finlay,Doole,907-852-7594
662,Gale,Corine,Kellock,760-883-8603
663,Hansiain,,Spring,405-355-9801
664,Tansy,,Adshede,403-125-5940
665,Beatrisa,,Gallahar,211-859-7278
666,Goddard,Kaia,Beahan,643-813-3972
667,Elias,Lonnie,Gomby,140-620-4805
668,Arthur,,Raisher,574-276-8987
669,Jereme,,Coster,293-222-4040
670,Maddalena,,Tunnah,747-980-5652
671,Durand,,Faragan,789-730-7178
672,Rick,Towny,Paddy,695-534-4717
673,Franky,,Plaschke,527-750-4268
674,Robbin,,Hovell,624-615-5737
675,Baron,,Patron,177-823-3617
676,Kennith,,Danelutti,147-384-0404
677,Ivor,,McCrie,152-484-7328
678,Justen,,Atley,571-629-8731
679,Bonny,,Dudin,534-603-5592
680,Dolli,Reyna,Elcox,596-185-1619
681,Jammal,,Boykett,661-444-0550
682,Calv,,Balogh,730-169-7280
683,Calley,,Lanbertoni,175-974-8566
684,Kingston,,Darington,782-442-6882
685,Alric,Karmen,Schuler,998-383-9350
686,Hal,,Mollon,791-224-1570
687,Blythe,Germaine,Myton,625-807-9229
688,Babbie,,Cronshaw,595-351-9615
689,Artair,,Kupker,621-840-5517
690,Christian,Abigail,Scally,846-518-6713
691,Johnna,,Tootin,565-632-9997
692,Nance,,Elson,837-259-2498
693,Maddy,,O'Hdirscoll,483-769-3445
694,Daffie,,Hoys,175-144-2880
695,Dode,Celestia,Hundey,623-944-2959
696,Shellysheldon,,Fass,148-117-6907
697,Danita,,McPeck,478-152-0258
698,George,,Tendahl,126-463-7227
699,Korney,Kim,Twigg,272-782-5395
700,Arv,,Jeves,208-777-9292
701,Gawain,,Bearcroft,511-497-9353
702,Pembroke,Ianthe,McGrory,434-582-0616
703,Durant,,Parker,141-923-5962
704,Emera,,Tommei,930-598-9278
705,Dacy,,Kondratenko,814-131-8749
706,Romy,,Matthius,454-275-5869
707,Edythe,,Divall,601-157-4995
708,Grethel,,Foale,779-487-5426
709,Christal,,De Ambrosis,398-668-0225
710,Alfreda,,Scullard,408-317-4871
711,Nelli,,Murt,126-992-0417
712,Kenon,Bent,Cattach,168-387-8297
713,Killian,,Tyhurst,494-153-0749
714,Mirabella,Tailor,Mifflin,313-343-4631
715,Loria,,Ivanshintsev,510-507-1986
716,Simone,,Klimashevich,652-971-8820
717,Lindy,,Anscombe,858-795-2696
718,Constancia,Liz,Brunon,386-816-3650
719,Julieta,,Cabrer,208-913-4407
720,Sharona,,Waleworke,379-879-0341
721,Antonino,Justen,Stranks,389-260-7262
722,Nickola,,Blunt,985-978-6655
723,Alexei,Byrom,Jorn,369-249-6331
724,Cheri,,Chatterton,797-940-7669
725,Franciskus,Farrand,Leatt,131-533-1650
726,Charmane,,Bleckly,619-487-3500
727,Michal,Verina,Ince,775-442-2339
728,Ara,,Duckfield,976-210-8245
729,Claudell,Bear,Lechelle,163-789-9856
730,Angy,Meghan,Kleinhaus,535-765-2057
731,Ronnie,Annabal,Heppner,891-594-7908
732,Hersh,,Pogue,120-488-9876
733,Wanids,,Vassman,294-237-6908
734,Carol,,Colman,595-608-7555
735,Mariquilla,,Lucock,876-254-0615
736,Leia,,Skyppe,880-973-8844
737,Shurwood,,Ruthen,727-532-8460
738,Roberto,Coriss,Gatecliff,146-492-2148
739,Lynelle,,Gainsburgh,862-544-0590
740,Cornelle,,Farnsworth,686-797-7362
741,Lenette,,McNellis,210-113-0326
742,Mal,,Woodgate,988-674-5904
743,Rickard,,Mathias,618-283-9217
744,Floris,,Underwood,467-354-0661
745,Keelia,Noe,Harnett,546-824-8587
746,Coralyn,Nobe,Pfeuffer,462-349-2016
747,Carmelita,,Wackett,392-676-2587
748,Fran,,Northern,951-453-3846
749,Giovanna,,Bricksey,704-301-7756
750,Rem,Dredi,Everex,305-418-3069
751,Bessy,,Rossborough,235-524-6566
752,Giorgi,,Leve,313-749-4970
753,Myra,,Guile,954-830-4146
754,Candice,,Smelley,897-269-5106
755,Rubin,Nelie,Hearns,597-310-0873
756,Briney,,Frail,565-179-1786
757,Olia,,Sandham,893-913-2671
758,Denise,,Clayden,362-792-4003
759,Winthrop,,Howett,345-972-5007
760,Arlin,,Stansbie,619-521-1386
761,Merrick,Rafaelita,Howchin,718-143-6512
762,Hirsch,,MacCarrane,943-488-9925
763,Gregor,,Munkton,133-710-1508
764,Edsel,,Griswood,
765,Rafi,,Barnaby,423-623-8888
766,Aila,,Gravy,972-269-0212
767,Tabina,,Bamell,372-592-6572
768,Kaitlin,,Rawll,317-551-8077
769,Dominga,,Gouldstraw,187-925-7691
770,Tedman,Ezechiel,Meaddowcroft,933-590-2868
771,Barbara-anne,,Spottswood,200-316-3619
772,Edi,,Brandts,666-632-9088
773,Sholom,Saunder,Akeherst,999-318-0870
774,Aubree,Myrlene,Farloe,766-331-0434
775,Shirlee,,Bocock,598-921-2428
776,Loutitia,,Arran,452-136-8564
777,Lon,,Britner,881-347-4791
778,Lowell,Andreana,Cupitt,974-877-5651
779,Patrica,,Balmann,647-822-4670
780,Philly,,Clarson,727-815-9346
781,Aggi,,Tesauro,949-167-7299
782,Jeremie,,Streatley,768-803-9509
783,Joly,,Melding,573-214-6216
784,Timotheus,,Jinks,310-763-6751
785,Yoshiko,,Wigan,258-523-8486
786,Parke,,Bayns,444-472-4974
787,Enos,,Dash,474-297-1508
788,Zondra,,Haller,280-542-9150
789,Sacha,,Bowbrick,685-806-6450
790,Rachael,,Hulke,949-593-3099
791,Sandy,Glen,Yurlov,967-707-7975
792,Elfie,,Benoit,327-791-9127
793,Leon,Tommy,Dibley,955-514-9769
794,Courtney,Maurine,Catterell,252-579-5459
795,Gigi,,Alldre,972-893-0528
796,Gabriella,,Chiplen,214-462-8489
797,Reese,,Scorey,894-258-1269
798,Aldon,,Carlisso,291-142-9646
799,Olia,,Reddoch,487-860-7929
800,Elyn,Brooke,Poag,777-312-5484
801,Merv,,Livard,793-394-5889
802,Bruno,Millie,Drinkhill,382-422-3587
803,Willie,Thorny,Elt,824-146-4618
804,Kevina,,Daffey,231-454-7670
805,Cheryl,Joline,Dowsing,818-109-3125
806,Yuri,,Skipperbottom,179-488-7698
807,Harlen,,Bunker,498-831-8398
808,Wallas,,Delepine,751-423-2760
809,D'arcy,Marjy,Hryskiewicz,812-771-2959
810,Rudiger,Shirlene,Poultney,287-282-9732
811,Dalt,,Horsley,589-810-5746
812,Donnie,Randi,Ladloe,420-824-6183
813,Ulla,,Denys,135-128-5729
814,Kamila,,Reynoldson,179-551-1658
815,Amelie,,Wallenger,602-173-5796
816,Darcy,,MacRitchie,192-861-0199
817,Brigida,,Elcox,600-651-8569
818,Waylen,Aubry,Quantrill,314-635-4620
819,Eden,,Jenkins,278-337-0054
820,Boyce,Morgan,Trevett,836-749-2539
821,Godard,,Enderwick,508-887-5669
822,Abner,,Weitzel,669-997-0548
823,Filberte,Bari,Rablan,857-618-5346
824,Celestia,Robert,Inold,933-738-6687
825,Bruno,,Josefovic,899-105-4588
826,Herc,Tildy,Goodship,263-605-1865
827,Lizzy,,Rosten,727-563-2086
828,Marcile,,Badsey,985-239-7932
829,Valaria,Pansie,Ware,252-261-6071
830,Kittie,Wallis,Fitchell,432-724-9114
831,Grace,,Lidgate,
832,Jerrine,,Hebard,877-887-6745
833,Gwendolin,Lucian,O'Mara,300-784-2290
834,Thornton,Prudence,Woolis,496-465-2323
835,Chuck,Freddy,Ivchenko,446-900-7280
836,Mallory,,Cheel,441-191-3988
837,Tonnie,Marcela,Flann,364-130-4057
838,Michele,,Byrne,824-980-2060
839,Hedda,,Bernardoni,764-534-6016
840,Gypsy,,Gwynn,327-646-8281
841,Thibaud,,Borsay,729-478-4490
842,Melonie,,Helstrip,447-142-7841
843,Caroline,Kingsley,Burnitt,384-830-5740
844,Jarad,,Blair,747-845-4072
845,Uriah,,Tilby,276-573-9947
846,Leonie,Lynnett,Large,713-919-5278
847,Christel,Babs,Segoe,981-429-1480
848,Henriette,,Hayto,180-444-0607
849,Mariele,,Phelit,166-204-1970
850,Garvy,Fiann,Baythrop,998-462-1100
851,Jenna,Reiko,O'Curneen,884-227-8951
852,Brenna,Bobina,Crusham,232-719-6135
853,Hattie,,Bergstram,219-143-4651
854,Vivianne,Irv,Langhor,141-212-8493
855,Jodie,,Steet,274-384-6138
856,Maximo,,Morfell,598-306-9253
857,Miles,,Breen,505-749-5336
858,Marlena,,Kunzler,127-156-2347
859,La verne,Gregoor,Sayers,377-214-1753
860,Isador,,Burke,591-266-8646
861,Adrea,,Rubert,692-330-9667
862,Imogene,,Woodger,683-678-1248
863,Jase,,Kinig,385-488-2211
864,Andree,Clay,Fairnington,463-956-9527
865,Riannon,,Danev,151-138-1443
866,Charleen,,Shrimpling,280-567-3295
867,Stella,,Corris,201-154-6092
868,Holly,,Slipper,625-474-2299
869,Dianna,,Espadero,497-117-8283
870,Osgood,,Hryncewicz,282-816-5919
871,Aila,Logan,Yeomans,299-164-7655
872,Deane,,Farran,940-100-2623
873,Derrek,Stacia,Handrick,593-618-8384
874,Ronnie,Amandy,Lednor,106-881-7908
875,Alistair,Shanna,Bax,773-701-2333
876,Kellyann,Germain,Livings,693-313-5615
877,Hanni,,Birbeck,964-802-7781
878,Mechelle,Gran,Niesegen,214-240-8866
879,Wilma,,Beaven,328-423-3067
880,Vitoria,,Castagne,126-557-0402
881,Addison,,McCardle,589-178-8903
882,Wernher,,Macci,527-416-9717
883,Justis,,Sybbe,859-250-6508
884,Livvy,Lotty,O'Regan,420-567-5636
885,Batholomew,,Dunhill,240-515-9383
886,Alecia,Tova,Spurriar,934-253-6428
887,Florinda,,Feckey,600-669-1895
888,Ervin,,Grimsey,362-934-8152
889,Patty,,Clementson,433-887-4138
890,Alleen,,Heersema,841-509-4193
891,Bonny,,Ham,328-978-9400
892,Cecilio,,Patching,469-830-6052
893,Dael,,Thomassin,440-754-5657
894,Laurens,Diane-marie,Lewnden,540-609-2367
895,Orv,,Duinbleton,220-276-9424
896,Heida,,M'Chirrie,953-352-3874
897,Bari,,Tiebe,317-255-5388
898,Kiri,Nobie,Carney,223-510-1991
899,Carmita,,Matisse,169-402-7148
900,Irina,,Riteley,542-297-4062
901,Mona,,Collier,375-139-8198
902,Bobby,,Olivelli,217-727-2750
903,Beale,,Gillet,352-888-5949
904,Pren,,Bahls,354-453-7733
905,Mathilda,Colas,Hopkins,373-369-1170
906,Ingelbert,,Victory,995-892-6611
907,Claybourne,Oates,Chartre,843-300-2862
908,Otto,,Muggeridge,300-341-1663
909,Nate,,Cockman,351-826-5406
910,Rufus,,Oakey,209-602-4128
911,Hector,,Filyukov,591-958-9482
912,Elaine,Albertine,Capron,243-306-8608
913,Terra,,McWhan,924-789-3831
914,Demott,Turner,Gumme,716-247-1874
915,Antoine,,Delea,693-842-1060
916,Nora,,Armiger,845-578-6492
917,Jedidiah,Wilhelm,Hentzer,340-779-3581
918,Jerrilyn,,Van Arsdalen,569-746-3600
919,Carolann,,Keyson,442-357-3599
920,Andros,Lark,Dingley,226-955-6165
921,Tammie,,Beauvais,797-294-5064
922,Killy,,Muspratt,453-973-1271
923,Gelya,,Swyer,234-844-3347
924,Penni,Evangeline,Sporner,923-416-8993
925,Vallie,Tremayne,Gland,730-251-2045
926,Taite,,Colomb,948-640-5165
927,Xylina,Tommie,Triswell,542-372-5295
928,Nora,,Rodgerson,939-167-8554
929,Beltran,Zuzana,Topliss,373-720-9841
930,Garland,,Oliphand,528-496-8939
931,Chrissy,Nealy,Leydon,711-844-9342
932,Clemence,,Hinckesman,160-918-2968
933,Tate,,Slad,225-152-8659
934,Reggie,Carolin,Schneidar,518-493-2754
935,Clement,,Nicholl,115-269-5331
936,Willey,Humberto,Faustin,279-871-7153
937,Tarrah,,Spellworth,253-368-8736
938,Billie,,Whylie,299-786-2422
939,Rufe,,McAlinion,556-957-4940
940,Agustin,Kylen,Goodee,908-936-6134
941,Cornie,,Arangy,215-864-2263
942,Amabelle,Jeramie,Eveque,968-827-9129
943,Mal,,Pitcher,835-687-7657
944,Brendis,,Warrack,990-895-5703
945,Culver,,Brokenbrow,332-553-2997
946,Diane-marie,,Larne,796-746-3819
947,Lenard,Merle,Turland,931-193-4086
948,Bogey,,De Coursey,765-370-8162
949,Norri,,Chatainier,766-983-0330
950,Doris,Allyson,Bretherick,723-764-1148
951,Welby,,Kiezler,604-854-8339
952,Robinet,Tim,Chater,764-422-7477
953,Atalanta,Filberte,Gligoraci,811-181-9368
954,Gianna,,Nend,910-959-3044
955,Didi,,Hamshere,646-137-9779
956,Randee,,Keeting,636-219-4400
957,Kary,Micheal,Buckby,765-266-2826
958,Crawford,,Cameron,735-357-3410
959,Theo,,Abotson,
960,Joice,Clovis,Shade,522-633-3898
961,Johnathon,,Chinnery,505-219-9771
962,Trista,,Cruz,895-742-5247
963,Gweneth,,Bigham,956-807-8194
964,Ara,Joscelin,Brandon,418-555-2913
965,Sharyl,,Feben,100-106-8554
966,Jory,,Doumenc,150-591-3368
967,Iormina,,Bordone,
968,Marcelline,,Dallicott,759-938-9001
969,Sabrina,Hettie,Rodge,294-958-3792
970,Weylin,,Andrich,733-912-0430
971,Agosto,,Rosiello,838-549-7453
972,Tandie,,Upex,697-687-6648
973,Jolee,Mahmud,Housby,790-110-4923
974,Conn,,Norcliff,625-144-1874
975,Roxi,,Gaber,448-444-6825
976,Gigi,,Dunniom,480-532-4378
977,Ernest,Isaiah,Clemente,732-884-1166
978,Milty,,Aliman,803-477-4713
979,Korrie,Caritta,Snoxell,442-204-2538
980,Cosette,,Christophers,782-690-8139
981,Zolly,Beverley,Gaven,668-860-5490
982,Jamima,Sanderson,Dowyer,823-424-3145
983,Sherm,,Sparhawk,627-478-5816
984,Arvie,,Parlott,422-432-4468
985,Tait,,Cutts,655-898-1787
986,Adolphus,Claudell,Domb,684-320-5479
987,Towney,Mitchael,Kingsman,
988,Jennifer,,Bamford,488-828-4411
989,Roley,,Oakeby,808-134-2651
990,Aron,Gaelan,Guntrip,288-161-1274
991,Marleah,Pete,Dulinty,784-129-4197
992,Tabbi,,Dehn,875-476-3381
993,Melva,,Applegarth,613-590-6821
994,Stavros,,Murkitt,899-244-0913
995,Philippine,,Cottell,395-607-0728
996,Felicle,,Reason,915-169-4514
997,Giffer,Archy,Trymme,583-181-6280
998,Brier,,Egdell,649-860-6680
999,Hector,,Shoulders,196-471-9765
1000,Bondie,,Bartoletti,336-243-1991
